admission_no,registration_no,symbol_no,first_name,middle_name,last_name,gender,date_of_birth_bs,date_of_birth_ad,grade_level,section,stream,roll_no,student_phone,student_email,address,guardian_name,guardian_relation,guardian_phone,guardian_email,bus_route
SK-2083-001,REG-83-1001,SYM-1001,Aarav,,Shrestha,MALE,2067-02-01,2010-05-15,Grade 10,A,General,10-A-01,+977-9841234561,aarav.shrestha@susanskrit.edu.np,"Sinamangal, Kathmandu",Kiran Shrestha,FATHER,+977-9851011111,kiran.shrestha@example.com,Route 1 - Airport/Sinamangal
SK-2083-002,REG-83-1002,SYM-1002,Prakriti,,Sharma,FEMALE,2067-05-06,2010-08-22,Grade 10,A,General,10-A-02,+977-9841234562,prakriti.sharma@susanskrit.edu.np,"Baneshwor, Kathmandu",Sarita Sharma,MOTHER,+977-9851022222,sarita.sharma@example.com,Route 2 - Baneshwor
SK-2083-003,REG-83-1003,SYM-1003,Rohan,Bahadur,Dahal,MALE,2066-10-28,2010-02-11,Grade 10,A,General,10-A-03,+977-9841234563,rohan.dahal@susanskrit.edu.np,"Koteshwor, Kathmandu",Dilliram Dahal,FATHER,+977-9851033333,dilliram.dahal@example.com,Route 3 - Koteshwor
SK-2083-004,REG-83-1004,SYM-1004,Binita,,Gurung,FEMALE,2067-07-19,2010-11-04,Grade 10,A,General,10-A-04,+977-9841234564,binita.gurung@susanskrit.edu.np,"Chabahil, Kathmandu",Chandra Gurung,FATHER,+977-9851044444,chandra.gurung@example.com,Route 4 - Chabahil/Gaushala
SK-2083-005,REG-83-1005,SYM-1005,Sandesh,Raj,Adhikari,MALE,2067-04-03,2010-07-19,Grade 10,A,General,10-A-05,+977-9841234565,sandesh.adhikari@susanskrit.edu.np,"Gaushala, Kathmandu",Bishnu Adhikari,FATHER,+977-9851055555,bishnu.adhikari@example.com,Route 4 - Chabahil/Gaushala
SK-2083-006,REG-83-1006,SYM-1006,Suman,,Tamang,MALE,2067-01-14,2010-04-27,Grade 10,B,General,10-B-01,+977-9841234566,suman.tamang@susanskrit.edu.np,"Bouddha, Kathmandu",Dorje Tamang,FATHER,+977-9851066666,dorje.tamang@example.com,Route 5 - Bouddha/Jorpati
SK-2083-007,REG-83-1007,SYM-1007,Anjali,,Thapa,FEMALE,2067-09-12,2010-12-28,Grade 10,B,General,10-B-02,+977-9841234567,anjali.thapa@susanskrit.edu.np,"Tinkune, Kathmandu",Surya Thapa,FATHER,+977-9851077777,surya.thapa@example.com,Route 3 - Koteshwor
SK-2083-008,REG-83-0901,SYM-0901,Bibek,,Rai,MALE,2068-03-25,2011-07-09,Grade 9,A,General,09-A-01,+977-9841234568,bibek.rai@susanskrit.edu.np,"Thapathali, Kathmandu",Rajendra Rai,FATHER,+977-9851088888,rajendra.rai@example.com,Route 2 - Baneshwor
SK-2083-009,REG-83-1101,SYM-1101,Ayush,Kumar,Maharjan,MALE,2065-11-18,2009-03-02,Grade 11,A,Science,11-S-01,+977-9841234569,ayush.maharjan@susanskrit.edu.np,"Patan, Lalitpur",Nabin Maharjan,FATHER,+977-9851099999,nabin.maharjan@example.com,Self / Walking
SK-2083-010,REG-83-1102,SYM-1102,Kripa,,Pandey,FEMALE,2066-01-20,2009-05-03,Grade 11,A,Management,11-M-01,+977-9841234570,kripa.pandey@susanskrit.edu.np,"Maitidevi, Kathmandu",Hemant Pandey,FATHER,+977-9851010101,hemant.pandey@example.com,Route 1 - Airport/Sinamangal
